"","OTU","contrast","estimate","SE","df","z.ratio","p.value","a","b","p.adjust"
"1","ASV_4","1a - Rainout",-0.349271968100187,1.08277740889355,Inf,-0.322570424199278,0.747020595375948,"1a","Rainout",0.840398169797942
"2","ASV_7","1a - Rainout",0.865580977420146,1.90392292980391,Inf,0.454630260432493,0.649375260866634,"1a","Rainout",0.840398169797942
"3","ASV_33","1a - Rainout",0.304247783994181,0.423484837570916,Inf,0.718438435102727,0.47248699531118,"1a","Rainout",0.840398169797942
"4","ASV_1","1a - Rainout",0.184504824627701,0.33827449322201,Inf,0.545429313544518,0.585458284085842,"1a","Rainout",0.840398169797942
"5","ASV_10","1a - Rainout",-0.373363945521923,0.636009998911789,Inf,-0.587040999608099,0.55717617125586,"1a","Rainout",0.840398169797942
"6","ASV_2","1a - Rainout",0.538390384765452,0.822674917052135,Inf,0.654438799100195,0.512829144470402,"1a","Rainout",0.840398169797942
"7","ASV_3","1a - Rainout",0.712427294624803,0.199069590304718,Inf,3.57878515515245,0.000345195090587323,"1a","Rainout",0.00310675581528591
"8","ASV_8","1a - Rainout",0.254764193123543,1.45151593836514,Inf,0.17551594604637,0.86067424212928,"1a","Rainout",0.86067424212928
"9","ASV_6","1a - Rainout",-0.437588479918898,1.33927029861737,Inf,-0.326736492529293,0.743867196715819,"1a","Rainout",0.840398169797942
