"","OTU","contrast","estimate","SE","df","z.ratio","p.value","a","b","p.adjust"
"1","ASV_4","1a - Rainout",0.12315817471157,0.977253614678687,Inf,0.12602478298539,0.89971230698904,"1a","Rainout",0.909218556055003
"2","ASV_41","1a - Rainout",-2.45998278864507,1.39662333286641,Inf,-1.76137884192171,0.0781743036896507,"1a","Rainout",0.703568733206856
"3","ASV_33","1a - Rainout",-0.0275309478921425,0.241448144732929,Inf,-0.114024267705991,0.909218556055003,"1a","Rainout",0.909218556055003
"4","ASV_1","1a - Rainout",-0.135814154633865,0.311887256652084,Inf,-0.435459133828503,0.663229195757571,"1a","Rainout",0.909218556055003
"5","ASV_10","1a - Rainout",-0.962609627292968,0.978792401422282,Inf,-0.983466591990498,0.325377849833163,"1a","Rainout",0.909218556055003
"6","ASV_2","1a - Rainout",0.40046216120727,0.864762208853426,Inf,0.463089340754421,0.643300330092034,"1a","Rainout",0.909218556055003
"7","ASV_25","1a - Rainout",-0.277624597900818,0.886332630462164,Inf,-0.313228452117412,0.754107103597029,"1a","Rainout",0.909218556055003
"8","ASV_3","1a - Rainout",0.10390023377835,0.272493358058826,Inf,0.381294555282041,0.702984693313904,"1a","Rainout",0.909218556055003
"9","ASV_6","1a - Rainout",-1.23815212990632,1.62832640912195,Inf,-0.760383251767055,0.447025531485495,"1a","Rainout",0.909218556055003
