"","OTU","contrast","estimate","SE","df","z.ratio","p.value","a","b","p.adjust"
"1","ASV_1","1a - Rainout",-0.408909467636343,0.41786750556456,Inf,-0.978562492156183,0.327796199616724,"1a","Rainout",0.524473919386758
"2","ASV_90","1a - Rainout",0.169134170991563,1.10689083310136,Inf,0.152801130819443,0.878555105943219,"1a","Rainout",0.878555105943219
"3","ASV_12","1a - Rainout",1.30189111617815,1.09219740249265,Inf,1.19199250355927,0.233264184681473,"1a","Rainout",0.466528369362946
"4","ASV_57","1a - Rainout",-0.116665601327989,0.585442100202611,Inf,-0.199277778771996,0.842045460537787,"1a","Rainout",0.878555105943219
"5","ASV_3","1a - Rainout",-0.37065471110939,1.05668405706992,Inf,-0.350771556199284,0.72575973785046,"1a","Rainout",0.878555105943219
"6","ASV_35","1a - Rainout",-1.23209116586566,0.863492442041442,Inf,-1.42686965846834,0.153617467989545,"1a","Rainout",0.409646581305454
"7","ASV_2","1a - Rainout",0.477138090978272,0.275022190990921,Inf,1.73490760603395,0.0827571717333684,"1a","Rainout",0.38183773935054
"8","ASV_9","1a - Rainout",-2.96150216001121,1.77625135275113,Inf,-1.66727651209065,0.095459434837635,"1a","Rainout",0.38183773935054
