"","OTU","contrast","estimate","SE","df","z.ratio","p.value","a","b","p.adjust"
"156","ASV_58","cont.K - cont.M",-1.45758487994826,0.00468774978179358,Inf,-310.934872336675,0,"cont.K","cont.M",0
"158","ASV_58","cont.K - rain.K",-2.9740941120312,0.00468772925438173,Inf,-634.442381511527,0,"cont.K","rain.K",0
"159","ASV_58","cont.K - rain.M",-3.290650280163,0.00468773414626865,Inf,-701.970328838357,0,"cont.K","rain.M",0
"161","ASV_58","cont.M - rain.K",-1.51650923208294,0.00468778671755426,Inf,-323.502182043414,0,"cont.M","rain.K",0
"162","ASV_58","cont.M - rain.M",-1.83306540021474,0.00468779160958118,Inf,-391.029626075573,0,"cont.M","rain.M",0
"165","ASV_58","rain.K - rain.M",-0.316556168131799,0.00468757631720345,Inf,-67.5308830642468,0,"rain.K","rain.M",0
"566","ASV_30","cont.M - rain.K",0.481046066637159,0.00390700281364459,Inf,123.124064553315,0,"cont.M","rain.K",0
"567","ASV_30","cont.M - rain.M",1.22383682152908,0.00390700225016256,Inf,313.241903425614,0,"cont.M","rain.M",0
"570","ASV_30","rain.K - rain.M",0.742790754891919,0.00390700323835033,Inf,190.117773028914,0,"rain.K","rain.M",0
